<?xml version="1.0" encoding="UTF-8"?>
<beans xmlns="http://www.springframework.org/schema/beans"
    xmlns:xsi="http://www.w3.org/2001/XMLSchema-instance"
    xsi:schemaLocation="http://www.springframework.org/schema/beans
        http://www.springframework.org/schema/beans/spring-beans.xsd">

    <bean id="loginService" class="com.cognizant.grizzly.service.LoginService">
    
    
    
       
        <!-- collaborators and configuration for this bean go here -->
    </bean>
 
 
    <bean id="loginDetails" class="com.cognizant.grizzly.model.LoginDetails">
    <constructor-arg index="0" value="admin"></constructor-arg>
    <constructor-arg index="1" value="admin"></constructor-arg>
    </bean>
    
    <bean id="productCategory" class="com.cognizant.grizzly.model.ProductCategory">
    <property name="categoryId" value="101"></property>
    <property name="categoryName" value="sample"></property>
    </bean>
    
      
    <bean id="productBrand" class="com.cognizant.grizzly.model.ProductBrand">
    <property name="brandId" value="101"></property>
    <property name="brandName" value="sample"></property>
    </bean>
    
   <bean id="productDetails" class="com.cognizant.grizzly.model.ProductDetails">
   <property name="productId" value="101"></property>
   <property name="productName" value="mobile"></property>
   <property name="productPrice" value="100000.00"></property>
   <property name="productRating" value="10"></property>
   <property name="productDescription" value="good to use"></property>
   <property name="productImages" value="appple.jpg"></property>
   <property name="productBrands" ref="productBrand"></property>
   <property name="productCategory" ref="productCategory"></property>
   </bean>
    
    
    
    


</beans>