<?xml version="1.0" encoding="UTF-8"?>
<beans xmlns="http://www.springframework.org/schema/beans"
    xmlns:xsi="http://www.w3.org/2001/XMLSchema-instance"
    xsi:schemaLocation="http://www.springframework.org/schema/beans
        http://www.springframework.org/schema/beans/spring-beans.xsd">

    <bean id="loginService" class="com.cognizant.grizzlystore.service.LoginService">   
        <!-- collaborators and configuration for this bean go here -->
    </bean>
    <bean id="loginDetails" class="com.cognizant.grizzlystore.model.LoginDetails">
    	<constructor-arg index="0" value="admin"></constructor-arg>
    	<constructor-arg index="1" value="admin"></constructor-arg>
    	<constructor-arg index="2" value="admin"></constructor-arg>
    	<constructor-arg index="3" value="3"></constructor-arg>
    	<constructor-arg index="4" value="siruseri chennai"></constructor-arg>
    </bean>
    
    <bean id="productCategory" class="com.cognizant.grizzlystore.model.ProductCategory">
    	<property name="categoryId" value="101"></property>
    	<property name="categoryName" value="Entertainment"></property>
    </bean>
    
    <bean id="productBrand" class="com.cognizant.grizzlystore.model.ProductBrand">
    	<property name="brandId" value="1001"></property>
    	<property name="brandName" value="Mobile"></property>
    </bean>
    
    <!-- Manual Wiring -->
	<bean id="productDetails" class="com.cognizant.grizzlystore.model.ProductDetails">
		<property name="productCategory" ref="productCategory"></property>
		<property name="productBrand" ref="productBrand"></property>
		<property name="productId" value="1234"></property>
		<property name="productName" value="iPhone"></property>
		<property name="productDescription" value="Phone"></property>
		<property name="productPrice" value="45621"></property>
		<property name="rating" value="5.0"></property>
		<property name="productAvailability" value="1"></property>
		<property name="imagePath" value="null"></property>
    </bean>
    
    <!-- Auto Wiring using byName -->
    <!-- <bean id="productDetails" class="com.cognizant.grizzlystore.model.ProductDetails" autowire="byName">
		<property name="productCategory"></property>
		<property name="productBrand"></property>
		<property name="productId" value="1234"></property>
		<property name="productName" value="iPhone"></property>
		<property name="productDescription" value="Phone"></property>
		<property name="productPrice" value="45621"></property>
		<property name="rating" value="5.0"></property>
		<property name="productAvailability" value="1"></property>
		<property name="imagePath" value="null"></property>
    </bean>
    
    Auto Wiring using byType *Not Recommended
    <bean id="productDetails" class="com.cognizant.grizzlystore.model.ProductDetails" autowire="byType">
		<property name="productId" value="1234"></property>
		<property name="productName" value="iPhone"></property>
		<property name="productDescription" value="Phone"></property>
		<property name="productPrice" value="45621"></property>
		<property name="rating" value="5.0"></property>
		<property name="productAvailability" value="1"></property>
		<property name="imagePath" value="null"></property>
    </bean> -->

    <!-- more bean definitions go here -->

</beans>